Species,Plot,Subplot,Treat.Code,Year,Date,flo.a,flo.b,flo.c,avg.flo,sd.flo,n.ind,avg.seed.inf,n.seed.ind,cov.g,p.viable
Agoseris heterophylla,5,Grass,W,2016,4/24/16,3,0,18,1,0,5,28.16666667,28.16666667,30,0.954436451
Clarkia purpurea,5,Grass,W,2016,5/20/16,0,0,8,1,0,5,9.727272727,9.727272727,30,0.966666667
Hemizonia congesta,5,Grass,W,2016,6/23/16,3,1,0,1,0,4,3.833333333,3.833333333,30,0.71728972
Lasthenia californica,5,Grass,W,2016,4/24/16,0,1,0,1,NA,1,NA,NA,30,0.545238095
Plantago erecta,5,Grass,W,2016,4/24/16,0,27,0,4.8,0.836660027,5,2,9.6,30,0.849557522
Agoseris heterophylla,5,No Grass,W,2016,4/24/16,2,5,14,1.6,0.547722558,5,56.7,90.72,NA,0.954436451
Clarkia purpurea,5,No Grass,W,2016,5/20/16,0,1,21,1.4,0.894427191,5,32.2,45.08,NA,0.966666667
Hemizonia congesta,5,No Grass,W,2016,6/23/16,1,5,0,1.4,0.547722558,5,4.285714286,6,NA,0.71728972
Lasthenia californica,5,No Grass,W,2016,4/24/16,0,3,0,1.333333333,0.577350269,3,62,82.66666667,NA,0.545238095
Plantago erecta,5,No Grass,W,2016,4/24/16,0,22,0,4.4,2.701851217,5,2,8.8,NA,0.849557522
Agoseris heterophylla,15,Grass,W,2016,5/20/16,0,0,5,1.4,0.894427191,5,62.28571429,87.2,25,0.954436451
Clarkia purpurea,15,Grass,W,2016,5/20/16,1,1,3,1,0,5,17.14285714,17.14285714,25,0.966666667
Hemizonia congesta,15,Grass,W,2016,9/2/16,0,4,0,25,20.11632836,4,2.4,60,25,0.71728972
Lasthenia californica,15,Grass,W,2016,4/24/16,0,2,0,1,0,2,63,63,25,0.545238095
Plantago erecta,15,Grass,W,2016,4/24/16,0,17,0,3,1,5,2,6,25,0.849557522
Agoseris heterophylla,15,No Grass,W,2016,4/24/16,8,4,8,1,0,5,67.2,67.2,NA,0.954436451
Clarkia purpurea,15,No Grass,W,2016,5/20/16,1,6,16,1.4,0.547722558,5,17.68421053,24.75789474,NA,0.966666667
Hemizonia congesta,15,No Grass,W,2016,9/2/16,0,12,0,18.4,20.28053254,5,3.4,62.56,NA,0.71728972
Lasthenia californica,15,No Grass,W,2016,4/24/16,1,2,0,1,0,3,44.125,44.125,NA,0.545238095
Plantago erecta,15,No Grass,W,2016,4/24/16,2,24,0,4.8,1.483239697,5,2,9.6,NA,0.849557522
Agoseris heterophylla,17,Grass,W,2016,5/8/16,0,0,15,1,0,5,36.57142857,36.57142857,80,0.954436451
Clarkia purpurea,17,Grass,W,2016,5/8/16,0,5,0,1,0,5,13.41666667,13.41666667,80,0.966666667
Hemizonia congesta,17,Grass,W,2016,6/23/16,6,2,0,1.4,0.547722558,5,2,2.8,80,0.71728972
Lasthenia californica,17,Grass,W,2016,4/24/16,0,4,0,1.25,0.5,4,50,62.5,80,0.545238095
Plantago erecta,17,Grass,W,2016,4/24/16,0,22,0,3,0.707106781,5,2,6,80,0.849557522
Agoseris heterophylla,17,No Grass,W,2016,5/8/16,2,1,11,2,0.707106781,5,50.11111111,100.2222222,NA,0.954436451
Clarkia purpurea,17,No Grass,W,2016,5/20/16,1,10,9,2.6,0.894427191,5,22.84615385,59.4,NA,0.966666667
Hemizonia congesta,17,No Grass,W,2016,6/23/16,2,1,0,1.666666667,0.577350269,3,3.8,6.333333333,NA,0.71728972
Lasthenia californica,17,No Grass,W,2016,4/24/16,0,8,0,1,0,5,37,37,NA,0.545238095
Plantago erecta,17,No Grass,W,2016,4/24/16,0,14,0,4.6,3.286335345,5,2,9.2,NA,0.849557522
Agoseris heterophylla,18,Grass,C,2016,4/24/16,3,2,12,1,0,5,51,51,40,0.954436451
Clarkia purpurea,18,Grass,C,2016,5/20/16,3,6,11,1.6,0.894427191,5,18.5625,29.7,40,0.966666667
Hemizonia congesta,18,Grass,C,2016,7/27/16,6,4,0,17.4,10.73778376,5,5,87,40,0.71728972
Lasthenia californica,18,Grass,C,2016,4/24/16,0,3,0,1,0,3,44.66666667,44.66666667,40,0.545238095
Plantago erecta,18,Grass,C,2016,4/24/16,0,11,0,1.4,0.547722558,5,2,2.8,40,0.849557522
Agoseris heterophylla,18,No Grass,C,2016,4/24/16,2,6,10,1.4,0.547722558,5,52.16666667,73.03333333,NA,0.954436451
Clarkia purpurea,18,No Grass,C,2016,5/20/16,3,3,17,1.8,0.836660027,5,20.4,36.72,NA,0.966666667
Hemizonia congesta,18,No Grass,C,2016,7/27/16,2,3,0,11.6,5.983310121,5,4.6,53.36,NA,0.71728972
Lasthenia californica,18,No Grass,C,2016,4/24/16,0,13,0,2.4,0.894427191,5,67.15384615,161.1692308,NA,0.545238095
Plantago erecta,18,No Grass,C,2016,4/24/16,0,11,0,4.8,3.898717738,5,2,9.6,NA,0.849557522
Agoseris heterophylla,19,Grass,W,2016,4/24/16,0,10,0,2.2,2.683281573,5,48.88888889,107.5555556,30,0.954436451
Clarkia purpurea,19,Grass,W,2016,5/20/16,0,0,21,3.8,1.483239697,5,32.69230769,124.2307692,30,0.966666667
Hemizonia congesta,19,Grass,W,2016,9/2/16,0,0,12,3.6,1.949358869,5,3.2,11.52,30,0.71728972
Lasthenia californica,19,Grass,W,2016,4/24/16,0,3,0,1.666666667,1.154700538,3,67.85714286,113.0952381,30,0.545238095
Plantago erecta,19,Grass,W,2016,4/24/16,0,20,0,8,4.69041576,5,2,16,30,0.849557522
Agoseris heterophylla,19,No Grass,W,2016,4/24/16,0,0,13,1.8,0.836660027,5,51.92857143,93.47142857,NA,0.954436451
Clarkia purpurea,19,No Grass,W,2016,5/20/16,1,5,15,4.6,2.073644135,5,33.4,153.64,NA,0.966666667
Hemizonia congesta,19,No Grass,W,2016,7/27/16,7,2,3,4,2.34520788,5,2.8,11.2,NA,0.71728972
Lasthenia californica,19,No Grass,W,2016,4/24/16,0,7,0,2.4,0.894427191,5,50.9,122.16,NA,0.545238095
Plantago erecta,19,No Grass,W,2016,4/24/16,0,20,0,14.6,13.44618905,5,2,29.2,NA,0.849557522
Agoseris heterophylla,23,Grass,W,2016,4/24/16,3,5,5,1,0,5,31,31,30,0.954436451
Clarkia purpurea,23,Grass,W,2016,5/20/16,1,4,3,1.2,0.447213595,5,18.5,22.2,30,0.966666667
Hemizonia congesta,23,Grass,W,2016,7/27/16,8,4,0,6.2,1.303840481,5,5,31,30,0.71728972
Lasthenia californica,23,Grass,W,2016,5/8/16,0,1,2,1,0,3,NA,NA,30,0.545238095
Plantago erecta,23,Grass,W,2016,4/24/16,0,26,0,5.4,2.966479395,5,2,10.8,30,0.849557522
Agoseris heterophylla,23,No Grass,W,2016,4/24/16,10,3,6,1,0,5,42.72727273,42.72727273,NA,0.954436451
Clarkia purpurea,23,No Grass,W,2016,5/20/16,1,9,11,2.6,1.140175425,5,27.5,71.5,NA,0.966666667
Hemizonia congesta,23,No Grass,W,2016,7/27/16,8,7,0,6,4.242640687,5,4,24,NA,0.71728972
Lasthenia californica,23,No Grass,W,2016,4/24/16,0,2,0,2,1.414213562,2,49,98,NA,0.545238095
Plantago erecta,23,No Grass,W,2016,5/8/16,0,25,0,14.4,7.368853371,5,2,28.8,NA,0.849557522
Agoseris heterophylla,29,Grass,W,2016,4/24/16,2,0,6,1,0,5,0,0,50,0.954436451
Clarkia purpurea,29,Grass,W,2016,5/20/16,0,0,16,1,0,5,11.54545455,11.54545455,50,0.966666667
Hemizonia congesta,29,Grass,W,2016,7/27/16,0,1,6,5.8,2.48997992,5,3.4,19.72,50,0.71728972
Lasthenia californica,29,Grass,W,2016,4/24/16,0,1,0,1,NA,1,NA,NA,50,0.545238095
Plantago erecta,29,Grass,W,2016,4/24/16,2,19,0,6.6,2.50998008,5,2,13.2,50,0.849557522
Agoseris heterophylla,29,No Grass,W,2016,4/24/16,4,1,14,1.4,0.547722558,5,45.4,63.56,NA,0.954436451
Clarkia purpurea,29,No Grass,W,2016,5/8/16,19,1,0,1.6,0.894427191,5,26.61111111,42.57777778,NA,0.966666667
Hemizonia congesta,29,No Grass,W,2016,7/27/16,5,2,1,9.4,4.50555213,5,3.6,33.84,NA,0.71728972
Lasthenia californica,29,No Grass,W,2016,4/24/16,0,3,0,1,0,3,46.33333333,46.33333333,NA,0.545238095
Plantago erecta,29,No Grass,W,2016,4/24/16,0,24,0,11.2,10.63954886,5,2,22.4,NA,0.849557522
Agoseris heterophylla,30,Grass,C,2016,4/24/16,0,0,16,1,0,5,5,5,35,0.954436451
Clarkia purpurea,30,Grass,C,2016,5/8/16,22,1,0,1,0,5,12.71428571,12.71428571,35,0.966666667
Hemizonia congesta,30,Grass,C,2016,7/27/16,5,6,3,4.4,2.19089023,5,3.8,16.72,35,0.71728972
Lasthenia californica,30,Grass,C,2016,4/24/16,0,2,0,1,0,2,NA,NA,35,0.545238095
Plantago erecta,30,Grass,C,2016,4/24/16,0,27,0,5.6,1.140175425,5,2,11.2,35,0.849557522
Agoseris heterophylla,30,No Grass,C,2016,5/8/16,0,1,15,2.8,1.303840481,5,26.33333333,73.73333333,NA,0.954436451
Clarkia purpurea,30,No Grass,C,2016,5/20/16,1,3,12,2.2,0.836660027,5,25.47058824,56.03529412,NA,0.966666667
Hemizonia congesta,30,No Grass,C,2016,7/27/16,2,2,4,8.25,4.787135539,4,4.2,34.65,NA,0.71728972
Lasthenia californica,30,No Grass,C,2016,4/24/16,0,1,0,2,NA,1,42,84,NA,0.545238095
Plantago erecta,30,No Grass,C,2016,4/24/16,0,24,0,7.6,3.507135583,5,2,15.2,NA,0.849557522
Agoseris heterophylla,37,Grass,W,2016,4/24/16,14,2,1,1.2,0.447213595,5,15,18,30,0.954436451
Clarkia purpurea,37,Grass,W,2016,5/20/16,1,4,10,1,0,5,12.09090909,12.09090909,30,0.966666667
Hemizonia congesta,37,Grass,W,2016,7/27/16,2,6,7,5.6,2.607680962,5,3.8,21.28,30,0.71728972
Plantago erecta,37,Grass,W,2016,5/20/16,0,0,4,18.25,7.455423082,4,2,36.5,30,0.849557522
Agoseris heterophylla,37,No Grass,W,2016,5/20/16,0,4,2,1.8,0.447213595,5,33.55555556,60.4,NA,0.954436451
Clarkia purpurea,37,No Grass,W,2016,5/20/16,1,2,8,1.6,0.894427191,5,21.6,34.56,NA,0.966666667
Hemizonia congesta,37,No Grass,W,2016,7/27/16,2,1,9,7.5,3,4,4.6,34.5,NA,0.71728972
Plantago erecta,37,No Grass,W,2016,4/24/16,1,18,0,2.4,1.341640786,5,2,4.8,NA,0.849557522
Agoseris heterophylla,49,Grass,W,2016,4/24/16,1,7,1,1,0,5,NA,NA,90,0.954436451
Clarkia purpurea,49,Grass,W,2016,5/20/16,1,1,11,1,0,5,17.8,17.8,90,0.966666667
Hemizonia congesta,49,Grass,W,2016,9/2/16,0,0,17,18.4,10.2859127,5,4.8,88.32,90,0.71728972
Lasthenia californica,49,Grass,W,2016,4/24/16,0,11,0,1,0,5,13.83333333,13.83333333,90,0.545238095
Plantago erecta,49,Grass,W,2016,4/24/16,0,21,0,3.4,1.140175425,5,2,6.8,90,0.849557522
Agoseris heterophylla,49,No Grass,W,2016,5/8/16,2,3,2,2,1,5,40,80,NA,0.954436451
Clarkia purpurea,49,No Grass,W,2016,6/8/16,0,0,17,2.4,1.516575089,5,20.24,48.576,NA,0.966666667
Hemizonia congesta,49,No Grass,W,2016,7/27/16,6,1,4,5.5,2.380476143,4,4.8,26.4,NA,0.71728972
Lasthenia californica,49,No Grass,W,2016,4/24/16,0,4,3,1.6,0.547722558,5,31.22222222,49.95555556,NA,0.545238095
Plantago erecta,49,No Grass,W,2016,4/24/16,0,22,0,17.8,12.96919427,5,2,35.6,NA,0.849557522
Agoseris heterophylla,50,Grass,C,2016,4/24/16,2,5,5,1,0,5,8,8,70,0.954436451
Clarkia purpurea,50,Grass,C,2016,5/20/16,1,0,11,1,0,5,4.307692308,4.307692308,70,0.966666667
Hemizonia congesta,50,Grass,C,2016,7/27/16,6,1,0,3.4,2.302172887,5,3.4,11.56,70,0.71728972
Lasthenia californica,50,Grass,C,2016,4/24/16,0,6,1,1,0,5,29,29,70,0.545238095
Plantago erecta,50,Grass,C,2016,4/24/16,0,20,0,3.2,0.836660027,5,2,6.4,70,0.849557522
Agoseris heterophylla,50,No Grass,C,2016,4/24/16,7,3,8,1.2,0.447213595,5,30.22222222,36.26666667,NA,0.954436451
Clarkia purpurea,50,No Grass,C,2016,5/20/16,9,1,4,1.8,1.303840481,5,24.88888889,44.8,NA,0.966666667
Hemizonia congesta,50,No Grass,C,2016,7/27/16,5,2,2,7.5,5.744562647,4,3.8,28.5,NA,0.71728972
Lasthenia californica,50,No Grass,C,2016,4/24/16,0,6,0,1.2,0.447213595,5,26,31.2,NA,0.545238095
Plantago erecta,50,No Grass,C,2016,4/24/16,1,19,0,7,3.605551275,5,2,14,NA,0.849557522
Agoseris heterophylla,55,Grass,W,2016,4/24/16,2,6,4,1,0,5,3.666666667,3.666666667,80,0.954436451
Clarkia purpurea,55,Grass,W,2016,6/8/16,0,0,10,1,0,5,7,7,80,0.966666667
Hemizonia congesta,55,Grass,W,2016,7/27/16,7,6,3,8.8,4.324349662,5,4.6,40.48,80,0.71728972
Lasthenia californica,55,Grass,W,2016,4/24/16,0,9,0,1,0,5,10.5,10.5,80,0.545238095
Plantago erecta,55,Grass,W,2016,4/24/16,0,21,0,4,1.58113883,5,2,8,80,0.849557522
Agoseris heterophylla,55,No Grass,W,2016,4/24/16,10,5,2,1,0,5,16.11111111,16.11111111,NA,0.954436451
Clarkia purpurea,55,No Grass,W,2016,5/20/16,9,3,2,1,0,5,12.66666667,12.66666667,NA,0.966666667
Hemizonia congesta,55,No Grass,W,2016,7/27/16,9,1,4,6.6,4.449719092,5,4.6,30.36,NA,0.71728972
Lasthenia californica,55,No Grass,W,2016,4/24/16,0,4,0,1,0,5,24,24,NA,0.545238095
Plantago erecta,55,No Grass,W,2016,4/24/16,0,20,0,3.8,1.483239697,5,2,7.6,NA,0.849557522
Agoseris heterophylla,56,Grass,C,2016,4/24/16,0,5,9,1,0,5,27.6,27.6,70,0.954436451
Clarkia purpurea,56,Grass,C,2016,6/8/16,0,0,17,1,0,5,5,5,70,0.966666667
Hemizonia congesta,56,Grass,C,2016,7/27/16,11,4,2,8.6,4.722287581,5,4.166666667,35.83333333,70,0.71728972
Lasthenia californica,56,Grass,C,2016,4/24/16,0,3,0,1,0,3,2,2,70,0.545238095
Plantago erecta,56,Grass,C,2016,4/24/16,0,21,0,4.4,1.949358869,5,2,8.8,70,0.849557522
Agoseris heterophylla,56,No Grass,C,2016,5/20/16,0,2,5,3,0.707106781,5,21.4,64.2,NA,0.954436451
Clarkia purpurea,56,No Grass,C,2016,5/20/16,10,2,6,2.6,0.547722558,5,27.2,70.72,NA,0.966666667
Hemizonia congesta,56,No Grass,C,2016,7/27/16,8,2,5,4.6,2.607680962,5,5,23,NA,0.71728972
Lasthenia californica,56,No Grass,C,2016,4/24/16,0,9,0,1.8,0.447213595,5,30.28571429,54.51428571,NA,0.545238095
Plantago erecta,56,No Grass,C,2016,4/24/16,0,19,0,8.6,4.827007354,5,2,17.2,NA,0.849557522
Agoseris heterophylla,59,Grass,W,2016,5/8/16,3,1,0,1,0,4,22,22,40,0.954436451
Clarkia purpurea,59,Grass,W,2016,5/8/16,17,1,0,1,0,5,9.7,9.7,40,0.966666667
Hemizonia congesta,59,Grass,W,2016,7/27/16,5,5,7,11.2,3.701351105,5,4.2,47.04,40,0.71728972
Lasthenia californica,59,Grass,W,2016,4/24/16,0,0,7,1.2,0.447213595,5,56.5,67.8,40,0.545238095
Plantago erecta,59,Grass,W,2016,4/24/16,0,20,0,9.2,7.823042886,5,2,18.4,40,0.849557522
Agoseris heterophylla,59,No Grass,W,2016,4/24/16,3,6,10,1,0,5,38.71428571,38.71428571,NA,0.954436451
Clarkia purpurea,59,No Grass,W,2016,5/20/16,10,2,6,2.6,0.547722558,5,31.46666667,81.81333333,NA,0.966666667
Hemizonia congesta,59,No Grass,W,2016,7/27/16,8,1,5,4.4,2.19089023,5,3.710177404,16.32478058,NA,0.71728972
Lasthenia californica,59,No Grass,W,2016,4/24/16,0,5,5,2,1.224744871,5,48.69230769,97.38461538,NA,0.545238095
Plantago erecta,59,No Grass,W,2016,4/24/16,0,20,0,17.8,10.03493896,5,2,35.6,NA,0.849557522
Agoseris heterophylla,81,Grass,D,2016,4/24/16,0,1,7,1,0,5,18.6,18.6,80,0.954436451
Clarkia purpurea,81,Grass,D,2016,5/20/16,5,0,13,1,0,5,7.714285714,7.714285714,80,0.966666667
Hemizonia congesta,81,Grass,D,2016,7/27/16,3,2,1,3.2,1.303840481,5,2.4,7.68,80,0.71728972
Lasthenia californica,81,Grass,D,2016,4/24/16,0,5,0,1,0,5,6,6,80,0.545238095
Plantago erecta,81,Grass,D,2016,4/24/16,0,25,0,1.8,0.836660027,5,2,3.6,80,0.849557522
Agoseris heterophylla,81,No Grass,D,2016,4/24/16,2,11,3,1.4,0.547722558,5,55.58823529,77.82352941,NA,0.954436451
Clarkia purpurea,81,No Grass,D,2016,5/20/16,0,0,16,1.4,0.547722558,5,16.5625,23.1875,NA,0.966666667
Hemizonia congesta,81,No Grass,D,2016,9/2/16,0,0,8,15.6,6.730527468,5,4.4,68.64,NA,0.71728972
Lasthenia californica,81,No Grass,D,2016,4/24/16,0,7,0,1,0,5,19.2,19.2,NA,0.545238095
Plantago erecta,81,No Grass,D,2016,4/24/16,0,27,0,4,2,5,2,8,NA,0.849557522
Agoseris heterophylla,82,No Grass,C,2016,5/8/16,0,0,12,2.4,1.140175425,5,50.5,121.2,NA,0.954436451
Clarkia purpurea,82,No Grass,C,2016,5/20/16,4,1,9,2,1,5,21.58333333,43.16666667,NA,0.966666667
Hemizonia congesta,82,No Grass,C,2016,7/27/16,0,1,0,4,NA,1,3,12,NA,0.71728972
Lasthenia californica,82,No Grass,C,2016,4/24/16,0,7,0,1.2,0.447213595,5,42.85714286,51.42857143,NA,0.545238095
Plantago erecta,82,No Grass,C,2016,4/24/16,0,17,0,4.6,2.701851217,5,2,9.2,NA,0.849557522
Agoseris heterophylla,83,Grass,D,2016,4/24/16,0,10,6,1,0,5,14.6,14.6,80,0.954436451
Clarkia purpurea,83,Grass,D,2016,5/20/16,0,0,9,1,0,5,4.071428571,4.071428571,80,0.966666667
Hemizonia congesta,83,Grass,D,2016,6/23/16,1,1,0,1,0,2,4.2,4.2,80,0.71728972
Lasthenia californica,83,Grass,D,2016,4/24/16,2,2,0,1,0,4,68,68,80,0.545238095
Plantago erecta,83,Grass,D,2016,4/24/16,0,19,0,2.4,0.894427191,5,2,4.8,80,0.849557522
Agoseris heterophylla,83,No Grass,D,2016,4/24/16,2,2,15,1.6,0.547722558,5,57.5,92,NA,0.954436451
Clarkia purpurea,83,No Grass,D,2016,5/8/16,16,1,0,3.4,1.341640786,5,33,112.2,NA,0.966666667
Hemizonia congesta,83,No Grass,D,2016,7/27/16,10,3,0,10.6,3.361547263,5,4,42.4,NA,0.71728972
Lasthenia californica,83,No Grass,D,2016,4/24/16,0,4,0,1,0,4,30.66666667,30.66666667,NA,0.545238095
Plantago erecta,83,No Grass,D,2016,4/24/16,0,13,0,11.4,7.197221686,5,2,22.8,NA,0.849557522
Agoseris heterophylla,84,Grass,C,2016,5/8/16,1,0,11,2.2,0.836660027,5,32.25,70.95,40,0.954436451
Clarkia purpurea,84,Grass,C,2016,5/20/16,1,1,5,1.8,1.303840481,5,32.7,58.86,40,0.966666667
Hemizonia congesta,84,Grass,C,2016,7/27/16,5,2,0,7.4,5.029910536,5,4.4,32.56,40,0.71728972
Plantago erecta,84,Grass,C,2016,4/24/16,0,18,0,2,0.816496581,4,2,4,40,0.849557522
Agoseris heterophylla,84,No Grass,C,2016,5/8/16,3,4,12,2.8,1.483239697,5,44.28571429,124,NA,0.954436451
Clarkia purpurea,84,No Grass,C,2016,5/20/16,7,2,5,2.4,1.516575089,5,28.30434783,67.93043478,NA,0.966666667
Hemizonia congesta,84,No Grass,C,2016,7/27/16,9,1,1,5.4,2.607680962,5,4,21.6,NA,0.71728972
Lasthenia californica,84,No Grass,C,2016,4/24/16,0,7,0,2,1,5,55.66666667,111.3333333,NA,0.545238095
Plantago erecta,84,No Grass,C,2016,4/24/16,0,24,0,5.8,3.271085447,5,2,11.6,NA,0.849557522
Agoseris heterophylla,89,No Grass,D,2016,4/24/16,3,4,12,1.6,0.894427191,5,37.15789474,59.45263158,NA,0.954436451
Clarkia purpurea,89,No Grass,D,2016,5/20/16,6,2,10,2.8,1.095445115,5,20.18181818,56.50909091,NA,0.966666667
Hemizonia congesta,89,No Grass,D,2016,9/2/16,0,0,12,8,9.617692031,5,3.4,27.2,NA,0.71728972
Lasthenia californica,89,No Grass,D,2016,4/24/16,0,9,0,1.6,0.894427191,5,31,49.6,NA,0.545238095
Plantago erecta,89,No Grass,D,2016,4/24/16,0,20,0,6.8,2.774887385,5,2,13.6,NA,0.849557522
Agoseris heterophylla,91,Grass,D,2016,4/24/16,3,2,4,1,0,5,NA,NA,50,0.954436451
Clarkia purpurea,91,Grass,D,2016,5/20/16,3,2,10,1,0,5,6.777777778,6.777777778,50,0.966666667
Hemizonia congesta,91,Grass,D,2016,9/2/16,0,0,14,18.4,7.569676347,5,4.2,77.28,50,0.71728972
Lasthenia californica,91,Grass,D,2016,4/24/16,0,5,0,1,0,5,NA,NA,50,0.545238095
Plantago erecta,91,Grass,D,2016,4/24/16,0,19,0,3.2,0.836660027,5,2,6.4,50,0.849557522
Agoseris heterophylla,91,No Grass,D,2016,4/24/16,0,8,1,1.4,0.547722558,5,43,60.2,NA,0.954436451
Clarkia purpurea,91,No Grass,D,2016,5/20/16,2,4,4,1.4,0.547722558,5,29.8,41.72,NA,0.966666667
Hemizonia congesta,91,No Grass,D,2016,7/27/16,6,5,0,6.4,4.50555213,5,4.4,28.16,NA,0.71728972
Lasthenia californica,91,No Grass,D,2016,4/24/16,0,12,0,1.4,0.547722558,5,80,112,NA,0.545238095
Plantago erecta,91,No Grass,D,2016,4/24/16,0,17,0,5.4,3.714835124,5,2,10.8,NA,0.849557522
Agoseris heterophylla,92,Grass,C,2016,4/24/16,3,6,5,1,0,5,17.5,17.5,25,0.954436451
Clarkia purpurea,92,Grass,C,2016,5/20/16,6,7,2,1.6,0.894427191,5,26.66666667,42.66666667,25,0.966666667
Hemizonia congesta,92,Grass,C,2016,7/27/16,4,4,1,5.8,4.266145802,5,1.8,10.44,25,0.71728972
Lasthenia californica,92,Grass,C,2016,4/24/16,0,11,0,1.2,0.447213595,5,25,30,25,0.545238095
Plantago erecta,92,Grass,C,2016,4/24/16,0,22,0,6,0.707106781,5,2,12,25,0.849557522
Agoseris heterophylla,92,No Grass,C,2016,4/24/16,8,10,1,1.6,0.894427191,5,45.66666667,73.06666667,NA,0.954436451
Clarkia purpurea,92,No Grass,C,2016,5/20/16,6,3,4,2.8,0.447213595,5,32.08333333,89.83333333,NA,0.966666667
Hemizonia congesta,92,No Grass,C,2016,7/27/16,8,5,1,5.4,3.577708764,5,2.4,12.96,NA,0.71728972
Lasthenia californica,92,No Grass,C,2016,4/24/16,2,5,0,1.6,0.894427191,5,35,56,NA,0.545238095
Plantago erecta,92,No Grass,C,2016,4/24/16,3,15,0,12.4,6.542170894,5,2,24.8,NA,0.849557522
Agoseris heterophylla,93,Grass,D,2016,4/24/16,4,8,8,1.4,0.547722558,5,35.4,49.56,25,0.954436451
Clarkia purpurea,93,Grass,D,2016,5/20/16,0,0,4,1,0,4,12.83333333,12.83333333,25,0.966666667
Hemizonia congesta,93,Grass,D,2016,7/27/16,3,2,4,13,6.041522987,5,2.8,36.4,25,0.71728972
Plantago erecta,93,Grass,D,2016,4/24/16,0,22,0,9,7.810249676,5,2,18,25,0.849557522
Agoseris heterophylla,93,No Grass,D,2016,4/24/16,1,10,0,2.2,1.788854382,5,45.9,100.98,NA,0.954436451
Clarkia purpurea,93,No Grass,D,2016,5/20/16,0,0,3,1,0,3,9,9,NA,0.966666667
Hemizonia congesta,93,No Grass,D,2016,7/27/16,9,6,2,10.6,5.770615219,5,3,31.8,NA,0.71728972
Plantago erecta,93,No Grass,D,2016,4/24/16,0,15,2,10,11.22497216,5,2,20,NA,0.849557522
Agoseris heterophylla,95,Grass,D,2016,4/24/16,1,7,9,1.2,0.447213595,5,34.9,41.88,30,0.954436451
Clarkia purpurea,95,Grass,D,2016,5/20/16,2,3,9,1,0,5,6.545454545,6.545454545,30,0.966666667
Hemizonia congesta,95,Grass,D,2016,7/27/16,4,2,10,9.4,8.648699324,5,3.6,33.84,30,0.71728972
Lasthenia californica,95,Grass,D,2016,4/24/16,0,6,0,1,0,5,4,4,30,0.545238095
Plantago erecta,95,Grass,D,2016,4/24/16,0,19,2,8.8,6.099180273,5,2,17.6,30,0.849557522
Agoseris heterophylla,95,No Grass,D,2016,4/24/16,5,10,6,1.2,0.447213595,5,39.66666667,47.6,NA,0.954436451
Clarkia purpurea,95,No Grass,D,2016,5/20/16,0,2,8,1,0,5,18.8,18.8,NA,0.966666667
Hemizonia congesta,95,No Grass,D,2016,7/27/16,6,9,0,13,10.27131929,5,2.6,33.8,NA,0.71728972
Lasthenia californica,95,No Grass,D,2016,4/24/16,0,3,0,2,1,3,53,106,NA,0.545238095
Plantago erecta,95,No Grass,D,2016,4/24/16,0,20,0,9.4,8.933084574,5,2,18.8,NA,0.849557522
Agoseris heterophylla,96,Grass,C,2016,4/24/16,10,5,3,1.2,0.447213595,5,29.71428571,35.65714286,30,0.954436451
Clarkia purpurea,96,Grass,C,2016,5/20/16,2,2,3,1,0,5,10.5,10.5,30,0.966666667
Hemizonia congesta,96,Grass,C,2016,7/27/16,10,4,0,13.8,6.534523701,5,3,41.4,30,0.71728972
Lasthenia californica,96,Grass,C,2016,4/24/16,0,3,0,1,0,3,44.5,44.5,30,0.545238095
Plantago erecta,96,Grass,C,2016,4/24/16,0,21,0,4.2,1.923538406,5,2,8.4,30,0.849557522
Agoseris heterophylla,96,No Grass,C,2016,4/24/16,10,8,2,1.4,0.547722558,5,41.22222222,57.71111111,NA,0.954436451
Clarkia purpurea,96,No Grass,C,2016,5/20/16,16,3,1,1.6,0.547722558,5,20.5,32.8,NA,0.966666667
Hemizonia congesta,96,No Grass,C,2016,7/27/16,9,3,0,4.8,2.28035085,5,4,19.2,NA,0.71728972
Lasthenia californica,96,No Grass,C,2016,4/24/16,0,7,0,1.2,0.447213595,5,35,42,NA,0.545238095
Plantago erecta,96,No Grass,C,2016,4/24/16,2,18,0,6.8,1.923538406,5,2,13.6,NA,0.849557522
Agoseris heterophylla,97,Grass,D,2016,4/24/16,0,5,9,1,0,5,15.2,15.2,60,0.954436451
Hemizonia congesta,97,Grass,D,2016,7/27/16,1,6,6,11.8,12.61744824,5,3.333333333,39.33333333,60,0.71728972
Lasthenia californica,97,Grass,D,2016,4/24/16,0,3,0,1,0,3,1,1,60,0.545238095
Plantago erecta,97,Grass,D,2016,4/24/16,0,13,7,3,0.707106781,5,2,6,60,0.849557522
Agoseris heterophylla,97,No Grass,D,2016,4/24/16,9,6,4,1,0,5,38.72727273,38.72727273,NA,0.954436451
Clarkia purpurea,97,No Grass,D,2016,6/8/16,0,0,5,1,0,5,14.6,14.6,NA,0.966666667
Hemizonia congesta,97,No Grass,D,2016,7/27/16,3,1,9,8.6,7.162401832,5,2.6,22.36,NA,0.71728972
Lasthenia californica,97,No Grass,D,2016,4/24/16,0,5,0,1.2,0.447213595,5,25.33333333,30.4,NA,0.545238095
Plantago erecta,97,No Grass,D,2016,4/24/16,0,20,0,6.4,1.516575089,5,2,12.8,NA,0.849557522
Agoseris heterophylla,98,Grass,C,2016,4/24/16,1,10,4,1,0,5,0,0,75,0.954436451
Clarkia purpurea,98,Grass,C,2016,5/20/16,0,0,3,1,0,3,3,3,75,0.966666667
Hemizonia congesta,98,Grass,C,2016,7/27/16,6,4,5,5.6,1.949358869,5,3.6,20.16,75,0.71728972
Lasthenia californica,98,Grass,C,2016,4/24/16,0,3,0,1,0,3,NA,NA,75,0.545238095
Plantago erecta,98,Grass,C,2016,4/24/16,0,21,0,3,1,5,2,6,75,0.849557522
Agoseris heterophylla,98,No Grass,C,2016,5/8/16,8,3,0,1,0,5,16,16,NA,0.954436451
Clarkia purpurea,98,No Grass,C,2016,5/20/16,0,1,15,1,0,5,8.384615385,8.384615385,NA,0.966666667
Hemizonia congesta,98,No Grass,C,2016,7/27/16,4,6,5,4.4,0.894427191,5,4.2,18.48,NA,0.71728972
Lasthenia californica,98,No Grass,C,2016,4/24/16,0,6,0,1.2,0.447213595,5,19.2,23.04,NA,0.545238095
Plantago erecta,98,No Grass,C,2016,4/24/16,0,19,0,3.4,1.140175425,5,2,6.8,NA,0.849557522
Agoseris heterophylla,99,Grass,D,2016,4/24/16,0,5,1,1,0,5,0,0,90,0.954436451
Clarkia purpurea,99,Grass,D,2016,5/20/16,3,0,4,1,0,5,4.5,4.5,90,0.966666667
Hemizonia congesta,99,Grass,D,2016,7/27/16,5,3,1,6.6,8.648699324,5,3,19.8,90,0.71728972
Plantago erecta,99,Grass,D,2016,4/24/16,0,20,0,1.6,0.547722558,5,2,3.2,90,0.849557522
Agoseris heterophylla,99,No Grass,D,2016,5/8/16,0,6,12,2.4,1.341640786,5,32.28571429,77.48571429,NA,0.954436451
Clarkia purpurea,99,No Grass,D,2016,6/8/16,0,0,15,1,0,5,15.61538462,15.61538462,NA,0.966666667
Hemizonia congesta,99,No Grass,D,2016,9/2/16,0,0,11,18.2,7.463243263,5,3.8,69.16,NA,0.71728972
Lasthenia californica,99,No Grass,D,2016,4/24/16,0,8,0,1,0,5,13,13,NA,0.545238095
Plantago erecta,99,No Grass,D,2016,4/24/16,0,19,0,10.6,6.913754407,5,2,21.2,NA,0.849557522
Agoseris heterophylla,5,Grass,W,2017,5/19/17,0,0,2,1.4,0.547722558,5,42.35714286,59.3,80,0.954436451
Calycadenia pauciflora,5,Grass,W,2017,6/26/17,0,2,0,1,0,2,2.6875,2.6875,80,0.4575
Clarkia purpurea,5,Grass,W,2017,6/26/17,0,0,4,1,0,4,9.333333333,9.333333333,80,0.342727273
Hemizonia congesta,5,Grass,W,2017,8/21/17,0,0,12,5.25,3.201562119,4,4.4,23.1,80,0.479375
Lasthenia californica,5,Grass,W,2017,4/9/17,8,7,0,1,0,5,15.0625,15.0625,80,0.973557692
Plantago erecta,5,Grass,W,2017,5/19/17,0,6,9,4,1.58113883,5,2,8,80,0.896396396
Agoseris heterophylla,5,No Grass,W,2017,5/19/17,0,0,5,1.4,0.547722558,5,20.375,28.525,NA,0.954436451
Calycadenia pauciflora,5,No Grass,W,2017,8/21/17,0,0,2,6.6,2.19089023,5,3.523809524,23.25714286,NA,0.4575
Clarkia purpurea,5,No Grass,W,2017,6/26/17,0,0,12,1,0,5,19.23076923,19.23076923,NA,0.342727273
Hemizonia congesta,5,No Grass,W,2017,8/21/17,0,0,0,6,4.242640687,5,2.4,14.4,NA,0.479375
Lasthenia californica,5,No Grass,W,2017,4/9/17,10,4,0,2,0,5,26.57894737,53.15789474,NA,0.973557692
Plantago erecta,5,No Grass,W,2017,5/19/17,0,8,7,8.6,2.302172887,5,2,17.2,NA,0.896396396
Agoseris heterophylla,15,Grass,W,2017,5/19/17,0,0,8,1.2,0.447213595,5,36.84615385,44.21538462,30,0.954436451
Calycadenia pauciflora,15,Grass,W,2017,8/21/17,0,1,12,9.2,8.899438185,5,1.8,16.56,30,0.4575
Clarkia purpurea,15,Grass,W,2017,5/19/17,5,0,0,1,0,5,25.66666667,25.66666667,30,0.342727273
Hemizonia congesta,15,Grass,W,2017,8/21/17,0,0,3,18.33333333,2.516611478,3,3.8,69.66666667,30,0.479375
Lasthenia californica,15,Grass,W,2017,4/9/17,11,2,0,1,0,5,18.35714286,18.35714286,30,0.973557692
Plantago erecta,15,Grass,W,2017,5/19/17,0,8,6,5.4,2.792848009,5,2,10.8,30,0.896396396
Agoseris heterophylla,15,No Grass,W,2017,5/19/17,0,0,7,1,0,5,18.28571429,18.28571429,NA,0.954436451
Calycadenia pauciflora,15,No Grass,W,2017,8/21/17,0,0,4,12.25,4.991659711,4,3.6,44.1,NA,0.4575
Clarkia purpurea,15,No Grass,W,2017,6/26/17,0,0,13,2.6,1.516575089,5,14.23809524,37.01904762,NA,0.342727273
Hemizonia congesta,15,No Grass,W,2017,8/21/17,1,0,11,5.2,2.949576241,5,2.4,12.48,NA,0.479375
Lasthenia californica,15,No Grass,W,2017,4/9/17,0,15,0,1.2,0.447213595,5,19.83333333,23.8,NA,0.973557692
Plantago erecta,15,No Grass,W,2017,5/19/17,0,8,7,5,3.535533906,5,2,10,NA,0.896396396
Agoseris heterophylla,17,Grass,W,2017,5/19/17,0,0,10,1.2,0.447213595,5,17,20.4,90,0.954436451
Calycadenia pauciflora,17,Grass,W,2017,8/21/17,0,0,1,3,NA,1,3.5,10.5,90,0.4575
Hemizonia congesta,17,Grass,W,2017,8/21/17,0,0,6,15.2,7.293833012,5,3,45.6,90,0.479375
Lasthenia californica,17,Grass,W,2017,4/9/17,15,0,0,1,0,5,18,18,90,0.973557692
Plantago erecta,17,Grass,W,2017,5/19/17,0,12,3,3.6,2.19089023,5,2,7.2,90,0.896396396
Agoseris heterophylla,17,No Grass,W,2017,5/19/17,0,0,12,1.6,0.547722558,5,25.5,40.8,NA,0.954436451
Calycadenia pauciflora,17,No Grass,W,2017,8/21/17,0,0,4,10.6,9.37016542,5,3.055555556,32.38888889,NA,0.4575
Clarkia purpurea,17,No Grass,W,2017,6/26/17,0,0,5,1.666666667,1.154700538,3,13.71428571,22.85714286,NA,0.342727273
Hemizonia congesta,17,No Grass,W,2017,8/21/17,0,0,12,16,8.455767263,5,2.6,41.6,NA,0.479375
Lasthenia californica,17,No Grass,W,2017,4/9/17,7,7,0,1,0,5,23.07142857,23.07142857,NA,0.973557692
Plantago erecta,17,No Grass,W,2017,5/19/17,0,4,10,12.8,5.848076607,5,2,25.6,NA,0.896396396
Agoseris heterophylla,18,Grass,C,2017,5/19/17,0,0,7,1,0,5,16.11111111,16.11111111,95,0.954436451
Calycadenia pauciflora,18,Grass,C,2017,8/21/17,0,0,3,3,1.732050808,3,3.75,11.25,95,0.4575
Hemizonia congesta,18,Grass,C,2017,8/21/17,0,0,7,12.2,8.729261137,5,2.8,34.16,95,0.479375
Lasthenia californica,18,Grass,C,2017,5/19/17,0,0,7,1.6,0.547722558,5,23.82352941,38.11764706,95,0.973557692
Plantago erecta,18,Grass,C,2017,5/19/17,0,9,6,3.4,1.949358869,5,2,6.8,95,0.896396396
Agoseris heterophylla,18,No Grass,C,2017,5/19/17,0,0,13,1.4,0.547722558,5,20.25,28.35,NA,0.954436451
Clarkia purpurea,18,No Grass,C,2017,6/26/17,0,0,1,1,NA,1,10,10,NA,0.342727273
Hemizonia congesta,18,No Grass,C,2017,8/21/17,0,0,6,14,6.633249581,5,4,56,NA,0.479375
Lasthenia californica,18,No Grass,C,2017,5/19/17,0,0,8,1.8,0.447213595,5,31.82352941,57.28235294,NA,0.973557692
Plantago erecta,18,No Grass,C,2017,5/19/17,0,8,7,3.4,0.894427191,5,2,6.8,NA,0.896396396
Agoseris heterophylla,19,Grass,W,2017,5/19/17,0,0,10,1,0,5,24.75,24.75,85,0.954436451
Calycadenia pauciflora,19,Grass,W,2017,8/21/17,0,0,3,7,4.358898944,3,3.79,26.53,85,0.4575
Clarkia purpurea,19,Grass,W,2017,6/26/17,0,0,7,1,0,5,19.22222222,19.22222222,85,0.342727273
Hemizonia congesta,19,Grass,W,2017,8/21/17,0,0,1,40,NA,1,2.8,112,85,0.479375
Lasthenia californica,19,Grass,W,2017,4/9/17,14,1,0,1,0,4,29.84210526,29.84210526,85,0.973557692
Plantago erecta,19,Grass,W,2017,5/19/17,0,4,11,5.2,1.303840481,5,2,10.4,85,0.896396396
Agoseris heterophylla,19,No Grass,W,2017,5/19/17,0,0,12,2,0.707106781,5,41.6875,83.375,NA,0.954436451
Calycadenia pauciflora,19,No Grass,W,2017,8/21/17,0,0,8,12.2,5.540758071,5,4.291666667,52.35833333,NA,0.4575
Clarkia purpurea,19,No Grass,W,2017,6/26/17,0,0,10,1.4,0.547722558,5,20.46666667,28.65333333,NA,0.342727273
Hemizonia congesta,19,No Grass,W,2017,8/21/17,0,1,13,12.2,9.364827815,5,3.2,39.04,NA,0.479375
Lasthenia californica,19,No Grass,W,2017,5/19/17,0,0,4,2,0.707106781,5,33.4,66.8,NA,0.973557692
Plantago erecta,19,No Grass,W,2017,5/19/17,0,15,0,6.6,1.949358869,5,2,13.2,NA,0.896396396
Agoseris heterophylla,23,Grass,W,2017,5/19/17,0,0,6,1,0,5,11.66666667,11.66666667,70,0.954436451
Calycadenia pauciflora,23,Grass,W,2017,8/21/17,0,0,2,5.2,2.387467277,5,3.4375,17.875,70,0.4575
Clarkia purpurea,23,Grass,W,2017,6/26/17,0,0,4,1,0,4,1.75,1.75,70,0.342727273
Hemizonia congesta,23,Grass,W,2017,8/21/17,0,7,15,9.4,6.426507605,5,3,28.2,70,0.479375
Lasthenia californica,23,Grass,W,2017,4/9/17,11,2,0,1,0,5,15.90909091,15.90909091,70,0.973557692
Plantago erecta,23,Grass,W,2017,5/19/17,0,0,15,3.4,1.341640786,5,2,6.8,70,0.896396396
Agoseris heterophylla,23,No Grass,W,2017,5/19/17,0,0,4,1,0,5,28.72727273,28.72727273,NA,0.954436451
Calycadenia pauciflora,23,No Grass,W,2017,6/26/17,10,1,0,5.2,3.1144823,5,3,15.6,NA,0.4575
Clarkia purpurea,23,No Grass,W,2017,6/26/17,0,0,13,1.2,0.447213595,5,20.3,24.36,NA,0.342727273
Hemizonia congesta,23,No Grass,W,2017,8/21/17,1,2,11,11.6,6.877499546,5,3.4,39.44,NA,0.479375
Lasthenia californica,23,No Grass,W,2017,4/9/17,14,1,0,1.4,0.547722558,5,27.22222222,38.11111111,NA,0.973557692
Plantago erecta,23,No Grass,W,2017,5/19/17,0,13,1,5.8,3.271085447,5,2,11.6,NA,0.896396396
Agoseris heterophylla,29,Grass,W,2017,5/19/17,0,0,7,1.6,0.547722558,5,23.28571429,37.25714286,85,0.954436451
Clarkia purpurea,29,Grass,W,2017,6/26/17,0,0,12,1,0,5,12,12,85,0.342727273
Hemizonia congesta,29,Grass,W,2017,8/21/17,0,0,0,11.8,9.121403401,5,4.8,56.64,85,0.479375
Lasthenia californica,29,Grass,W,2017,4/9/17,4,8,0,1.2,0.447213595,5,22.76923077,27.32307692,85,0.973557692
Plantago erecta,29,Grass,W,2017,5/19/17,0,5,10,5.4,2.880972058,5,2,10.8,85,0.896396396
Agoseris heterophylla,29,No Grass,W,2017,5/19/17,0,0,14,2.4,1.140175425,5,40.76923077,97.84615385,NA,0.954436451
Calycadenia pauciflora,29,No Grass,W,2017,6/26/17,2,1,0,1.333333333,0.577350269,3,NA,NA,NA,0.4575
Clarkia purpurea,29,No Grass,W,2017,6/26/17,0,0,8,1.2,0.447213595,5,17.6,21.12,NA,0.342727273
Hemizonia congesta,29,No Grass,W,2017,8/21/17,0,0,10,13,6.204836823,5,4.2,54.6,NA,0.479375
Lasthenia californica,29,No Grass,W,2017,4/9/17,4,5,0,1,0,5,21.28571429,21.28571429,NA,0.973557692
Plantago erecta,29,No Grass,W,2017,5/19/17,0,7,7,10.6,5.54977477,5,2,21.2,NA,0.896396396
Agoseris heterophylla,30,Grass,C,2017,5/19/17,0,0,5,1.4,0.547722558,5,18.58333333,26.01666667,75,0.954436451
Clarkia purpurea,30,Grass,C,2017,5/19/17,0,0,13,1,0,5,21.4,21.4,75,0.342727273
Hemizonia congesta,30,Grass,C,2017,8/21/17,0,0,11,10.8,7.56306816,5,4.6,49.68,75,0.479375
Lasthenia californica,30,Grass,C,2017,4/9/17,3,12,0,1.4,0.547722558,5,20.14285714,28.2,75,0.973557692
Plantago erecta,30,Grass,C,2017,5/19/17,0,8,7,4.4,1.816590212,5,2,8.8,75,0.896396396
Agoseris heterophylla,30,No Grass,C,2017,5/19/17,0,0,10,2.2,1.095445115,5,32.72222222,71.98888889,NA,0.954436451
Clarkia purpurea,30,No Grass,C,2017,6/26/17,0,0,9,1,0,5,19,19,NA,0.342727273
Hemizonia congesta,30,No Grass,C,2017,8/21/17,0,0,9,17.2,9.011104261,5,3.6,61.92,NA,0.479375
Lasthenia californica,30,No Grass,C,2017,4/9/17,3,10,0,1,0,5,16.90909091,16.90909091,NA,0.973557692
Plantago erecta,30,No Grass,C,2017,5/19/17,0,0,15,4.8,2.28035085,5,2,9.6,NA,0.896396396
Agoseris heterophylla,37,Grass,W,2017,5/19/17,0,0,4,1,0,5,14.71428571,14.71428571,80,0.954436451
Calycadenia pauciflora,37,Grass,W,2017,6/26/17,4,1,0,2.6,1.673320053,5,3.636363636,9.454545455,80,0.4575
Hemizonia congesta,37,Grass,W,2017,8/21/17,0,0,11,11.4,4.722287581,5,3.2,36.48,80,0.479375
Lasthenia californica,37,Grass,W,2017,4/9/17,13,2,0,1,0,5,22.83333333,22.83333333,80,0.973557692
Plantago erecta,37,Grass,W,2017,5/19/17,0,7,8,4.6,1.816590212,5,2,9.2,80,0.896396396
Agoseris heterophylla,37,No Grass,W,2017,5/19/17,0,0,3,1,0,5,13.6,13.6,NA,0.954436451
Calycadenia pauciflora,37,No Grass,W,2017,6/26/17,6,0,0,5.2,1.095445115,5,NA,NA,NA,0.4575
Clarkia purpurea,37,No Grass,W,2017,6/26/17,0,0,8,1,0,5,13.28571429,13.28571429,NA,0.342727273
Hemizonia congesta,37,No Grass,W,2017,8/21/17,0,0,10,8.4,2.880972058,5,3.4,28.56,NA,0.479375
Lasthenia californica,37,No Grass,W,2017,4/9/17,12,3,0,1,0,5,20.66666667,20.66666667,NA,0.973557692
Plantago erecta,37,No Grass,W,2017,5/19/17,0,13,2,7.2,3.1144823,5,2,14.4,NA,0.896396396
Agoseris heterophylla,49,Grass,W,2017,5/19/17,0,0,2,1,0,5,23.2,23.2,120,0.954436451
Calycadenia pauciflora,49,Grass,W,2017,8/21/17,0,0,7,8.6,3.847076812,5,3,25.8,120,0.4575
Clarkia purpurea,49,Grass,W,2017,6/26/17,0,0,10,1,0,5,6.3,6.3,120,0.342727273
Hemizonia congesta,49,Grass,W,2017,8/21/17,0,0,13,8.8,3.346640106,5,4,35.2,120,0.479375
Lasthenia californica,49,Grass,W,2017,4/9/17,4,11,0,1,0,5,15.23076923,15.23076923,120,0.973557692
Plantago erecta,49,Grass,W,2017,5/19/17,0,5,10,4.6,1.949358869,5,2,9.2,120,0.896396396
Agoseris heterophylla,49,No Grass,W,2017,5/19/17,0,0,1,1.2,0.447213595,5,16,19.2,NA,0.954436451
Calycadenia pauciflora,49,No Grass,W,2017,8/21/17,0,0,2,1.5,0.707106781,2,3.933333333,5.9,NA,0.4575
Clarkia purpurea,49,No Grass,W,2017,6/26/17,0,0,15,1.2,0.447213595,5,29.35294118,35.22352941,NA,0.342727273
Hemizonia congesta,49,No Grass,W,2017,8/21/17,0,0,11,13,5.244044241,5,4,52,NA,0.479375
Lasthenia californica,49,No Grass,W,2017,4/9/17,4,11,0,1.4,0.547722558,5,35.5,49.7,NA,0.973557692
Plantago erecta,49,No Grass,W,2017,5/19/17,0,6,9,11.4,3.049590136,5,2,22.8,NA,0.896396396
Agoseris heterophylla,50,Grass,C,2017,5/19/17,0,0,5,1,0,5,21.66666667,21.66666667,95,0.954436451
Calycadenia pauciflora,50,Grass,C,2017,8/21/17,0,0,7,5.6,5.319774431,5,5.125,28.7,95,0.4575
Hemizonia congesta,50,Grass,C,2017,8/21/17,0,0,13,9,2.915475947,5,4.2,37.8,95,0.479375
Lasthenia californica,50,Grass,C,2017,4/9/17,9,6,0,1,0,5,4.5,4.5,95,0.973557692
Plantago erecta,50,Grass,C,2017,5/19/17,0,12,3,3.8,3.1144823,5,2,7.6,95,0.896396396
Agoseris heterophylla,50,No Grass,C,2017,5/19/17,0,0,7,1,0,5,12.33333333,12.33333333,NA,0.954436451
Calycadenia pauciflora,50,No Grass,C,2017,8/21/17,0,0,4,5.666666667,3.785938897,3,4.357142857,24.69047619,NA,0.4575
Clarkia purpurea,50,No Grass,C,2017,6/26/17,0,0,6,1.2,0.447213595,5,15.75,18.9,NA,0.342727273
Hemizonia congesta,50,No Grass,C,2017,8/21/17,0,0,5,4.75,0.5,4,3.2,15.2,NA,0.479375
Lasthenia californica,50,No Grass,C,2017,4/9/17,3,4,0,1.2,0.447213595,5,9,10.8,NA,0.973557692
Plantago erecta,50,No Grass,C,2017,5/19/17,0,15,0,3.2,0.836660027,5,2,6.4,NA,0.896396396
Agoseris heterophylla,55,Grass,W,2017,5/19/17,0,0,2,1,0,5,10.18181818,10.18181818,40,0.954436451
Calycadenia pauciflora,55,Grass,W,2017,6/26/17,0,2,0,1,0,2,NA,NA,40,0.4575
Clarkia purpurea,55,Grass,W,2017,5/19/17,3,0,0,1,0,3,4.333333333,4.333333333,40,0.342727273
Hemizonia congesta,55,Grass,W,2017,8/21/17,0,0,7,7,9.669539803,5,2.8,19.6,40,0.479375
Lasthenia californica,55,Grass,W,2017,4/9/17,0,15,0,1,0,5,5.615384615,5.615384615,40,0.973557692
Plantago erecta,55,Grass,W,2017,5/19/17,0,1,14,3.6,1.140175425,5,2,7.2,40,0.896396396
Agoseris heterophylla,55,No Grass,W,2017,5/19/17,0,0,4,1,0,5,20.61538462,20.61538462,NA,0.954436451
Clarkia purpurea,55,No Grass,W,2017,5/19/17,5,0,0,1,0,5,7.6,7.6,NA,0.342727273
Hemizonia congesta,55,No Grass,W,2017,8/21/17,0,0,8,5.8,4.147288271,5,0.8,4.64,NA,0.479375
Lasthenia californica,55,No Grass,W,2017,4/9/17,0,15,0,1,0,5,17.73333333,17.73333333,NA,0.973557692
Plantago erecta,55,No Grass,W,2017,4/9/17,13,2,0,2,0,2,2,4,NA,0.896396396
Agoseris heterophylla,56,Grass,C,2017,5/19/17,0,0,3,1,0,5,20.54545455,20.54545455,80,0.954436451
Calycadenia pauciflora,56,Grass,C,2017,8/21/17,0,0,4,1.5,0.707106781,2,5.333333333,8,80,0.4575
Clarkia purpurea,56,Grass,C,2017,6/26/17,0,0,5,1,0,5,3.2,3.2,80,0.342727273
Hemizonia congesta,56,Grass,C,2017,8/21/17,0,0,9,7.2,2.588435821,5,3.8,27.36,80,0.479375
Lasthenia californica,56,Grass,C,2017,4/9/17,4,7,0,1,0,5,7.166666667,7.166666667,80,0.973557692
Plantago erecta,56,Grass,C,2017,5/19/17,0,4,11,6,3.082207001,5,2,12,80,0.896396396
Agoseris heterophylla,56,No Grass,C,2017,5/19/17,0,0,5,1.4,0.547722558,5,26,36.4,NA,0.954436451
Calycadenia pauciflora,56,No Grass,C,2017,6/26/17,2,0,0,1,0,2,NA,NA,NA,0.4575
Clarkia purpurea,56,No Grass,C,2017,6/26/17,0,0,7,1,0,5,5.833333333,5.833333333,NA,0.342727273
Hemizonia congesta,56,No Grass,C,2017,8/21/17,0,0,7,10.2,3.492849839,5,2.8,28.56,NA,0.479375
Lasthenia californica,56,No Grass,C,2017,4/9/17,8,7,0,1,0,5,14.92857143,14.92857143,NA,0.973557692
Plantago erecta,56,No Grass,C,2017,5/19/17,0,4,11,6.6,4.098780306,5,2,13.2,NA,0.896396396
Agoseris heterophylla,59,Grass,W,2017,5/19/17,0,0,2,1,0,5,14.5,14.5,100,0.954436451
Calycadenia pauciflora,59,Grass,W,2017,8/21/17,0,0,2,2,1.414213562,2,0.333333333,0.666666667,100,0.4575
Clarkia purpurea,59,Grass,W,2017,6/26/17,0,0,1,1,NA,1,1,1,100,0.342727273
Hemizonia congesta,59,Grass,W,2017,8/21/17,0,0,10,4.4,2.701851217,5,3.2,14.08,100,0.479375
Lasthenia californica,59,Grass,W,2017,4/9/17,3,12,0,1,0,5,22.73333333,22.73333333,100,0.973557692
Plantago erecta,59,Grass,W,2017,4/9/17,8,7,0,3,2.915475947,5,2,6,100,0.896396396
Agoseris heterophylla,59,No Grass,W,2017,5/19/17,0,0,6,1.2,0.447213595,5,26.66666667,32,NA,0.954436451
Calycadenia pauciflora,59,No Grass,W,2017,8/21/17,0,0,3,3.666666667,2.516611478,3,4.875,17.875,NA,0.4575
Clarkia purpurea,59,No Grass,W,2017,6/26/17,0,0,5,1,0,5,11,11,NA,0.342727273
Hemizonia congesta,59,No Grass,W,2017,8/21/17,0,0,6,6.2,5.974947699,5,4.2,26.04,NA,0.479375
Lasthenia californica,59,No Grass,W,2017,4/9/17,0,15,0,1.8,0.447213595,5,42.75,76.95,NA,0.973557692
Plantago erecta,59,No Grass,W,2017,4/9/17,0,4,0,4,2.160246899,4,2,8,NA,0.896396396
Agoseris heterophylla,81,Grass,D,2017,5/19/17,0,0,14,1,0,5,44,44,90,0.954436451
Calycadenia pauciflora,81,Grass,D,2017,8/21/17,0,0,5,4.8,2.774887385,5,6,28.8,90,0.4575
Clarkia purpurea,81,Grass,D,2017,5/19/17,1,0,0,1,NA,1,NA,NA,90,0.342727273
Hemizonia congesta,81,Grass,D,2017,8/21/17,0,0,12,5.6,3.209361307,5,1.2,6.72,90,0.479375
Lasthenia californica,81,Grass,D,2017,4/9/17,9,6,0,1,0,5,28,28,90,0.973557692
Plantago erecta,81,Grass,D,2017,4/9/17,7,8,0,2.2,0.836660027,5,2,4.4,90,0.896396396
Agoseris heterophylla,81,No Grass,D,2017,5/19/17,0,0,7,1.4,0.547722558,5,33.35714286,46.7,NA,0.954436451
Calycadenia pauciflora,81,No Grass,D,2017,6/26/17,2,0,0,1.5,0.707106781,2,3.5,5.25,NA,0.4575
Clarkia purpurea,81,No Grass,D,2017,6/26/17,0,0,4,1,0,4,21.5,21.5,NA,0.342727273
Hemizonia congesta,81,No Grass,D,2017,8/21/17,0,0,3,20.33333333,18.00925688,3,3.265822785,66.40506329,NA,0.479375
Lasthenia californica,81,No Grass,D,2017,4/9/17,5,10,0,2,1,5,31.09090909,62.18181818,NA,0.973557692
Plantago erecta,81,No Grass,D,2017,4/9/17,12,3,0,1.666666667,0.577350269,3,2,3.333333333,NA,0.896396396
Agoseris heterophylla,82,Grass,C,2017,5/19/17,0,0,11,1.6,0.547722558,5,57.5,92,45,0.954436451
Calycadenia pauciflora,82,Grass,C,2017,8/21/17,0,0,3,11.33333333,3.785938897,3,5.153846154,58.41025641,45,0.4575
Clarkia purpurea,82,Grass,C,2017,6/26/17,0,0,3,1,0,3,2,2,45,0.342727273
Hemizonia congesta,82,Grass,C,2017,8/21/17,3,1,1,3.6,1.140175425,5,5,18,45,0.479375
Lasthenia californica,82,Grass,C,2017,5/19/17,0,0,4,1.4,0.547722558,5,23.53846154,32.95384615,45,0.973557692
Plantago erecta,82,Grass,C,2017,5/19/17,0,5,9,3.2,1.095445115,5,2,6.4,45,0.896396396
Agoseris heterophylla,82,No Grass,C,2017,5/19/17,0,0,7,2.2,0.447213595,5,26.33333333,57.93333333,NA,0.954436451
Lasthenia californica,82,No Grass,C,2017,4/9/17,13,2,0,1.6,0.894427191,5,45.82142857,73.31428571,NA,0.973557692
Plantago erecta,82,No Grass,C,2017,5/19/17,0,5,3,7.8,5.540758071,5,2,15.6,NA,0.896396396
Agoseris heterophylla,83,Grass,D,2017,5/19/17,0,0,4,1,0,5,9.833333333,9.833333333,95,0.954436451
Clarkia purpurea,83,Grass,D,2017,5/19/17,4,0,0,1,0,4,NA,NA,95,0.342727273
Lasthenia californica,83,Grass,D,2017,5/19/17,0,0,6,1,0,5,5.857142857,5.857142857,95,0.973557692
Plantago erecta,83,Grass,D,2017,5/19/17,0,13,2,1.6,0.547722558,5,2,3.2,95,0.896396396
Agoseris heterophylla,83,No Grass,D,2017,5/19/17,0,0,10,1.4,0.547722558,5,29.0625,40.6875,NA,0.954436451
Calycadenia pauciflora,83,No Grass,D,2017,8/21/17,0,0,1,4.6,5.504543578,5,4,18.4,NA,0.4575
Clarkia purpurea,83,No Grass,D,2017,5/19/17,7,0,0,1,0,5,4.3,4.3,NA,0.342727273
Hemizonia congesta,83,No Grass,D,2017,8/21/17,0,0,1,47,NA,1,4.4,206.8,NA,0.479375
Lasthenia californica,83,No Grass,D,2017,4/9/17,4,9,0,1,0,5,36.13333333,36.13333333,NA,0.973557692
Plantago erecta,83,No Grass,D,2017,5/19/17,0,15,0,9.6,4.774934555,5,2,19.2,NA,0.896396396
Agoseris heterophylla,84,Grass,C,2017,5/19/17,0,0,4,1,0,4,24.375,24.375,50,0.954436451
Calycadenia pauciflora,84,Grass,C,2017,8/21/17,0,0,3,19.4,15.75753788,5,3.5,67.9,50,0.4575
Clarkia purpurea,84,Grass,C,2017,6/26/17,0,0,3,1.333333333,0.577350269,3,9.75,13,50,0.342727273
Hemizonia congesta,84,Grass,C,2017,8/21/17,1,1,7,8.6,5.224940191,5,2.6,22.36,50,0.479375
Lasthenia californica,84,Grass,C,2017,4/9/17,5,10,0,1,0,5,15.46666667,15.46666667,50,0.973557692
Plantago erecta,84,Grass,C,2017,4/9/17,10,1,0,2,NA,1,2,4,50,0.896396396
Agoseris heterophylla,84,No Grass,C,2017,5/19/17,0,0,4,1.4,0.547722558,5,24.58333333,34.41666667,NA,0.954436451
Calycadenia pauciflora,84,No Grass,C,2017,8/21/17,0,0,3,14.25,20.71030339,4,2.428571429,34.60714286,NA,0.4575
Clarkia purpurea,84,No Grass,C,2017,6/26/17,0,0,0,1.2,0.447213595,5,17.375,20.85,NA,0.342727273
Hemizonia congesta,84,No Grass,C,2017,8/21/17,1,0,10,4.8,1.923538406,5,2.4,11.52,NA,0.479375
Lasthenia californica,84,No Grass,C,2017,4/9/17,10,4,0,1,0,5,5.166666667,5.166666667,NA,0.973557692
Plantago erecta,84,No Grass,C,2017,5/19/17,0,3,12,4.2,1.095445115,5,2,8.4,NA,0.896396396
Agoseris heterophylla,85,Grass,D,2017,5/19/17,0,0,4,1.2,0.447213595,5,26.94117647,32.32941176,80,0.954436451
Calycadenia pauciflora,85,Grass,D,2017,8/21/17,0,1,8,11.4,5.770615219,5,3.476190476,39.62857143,80,0.4575
Clarkia purpurea,85,Grass,D,2017,5/19/17,7,0,0,1,0,5,4.75,4.75,80,0.342727273
Hemizonia congesta,85,Grass,D,2017,8/21/17,0,0,13,20.6,15.58204094,5,3.2,65.92,80,0.479375
Lasthenia californica,85,Grass,D,2017,4/9/17,3,11,0,1,0,5,22.21428571,22.21428571,80,0.973557692
Plantago erecta,85,Grass,D,2017,4/9/17,9,6,0,3.2,2.48997992,5,2,6.4,80,0.896396396
Agoseris heterophylla,85,No Grass,D,2017,5/19/17,0,0,14,3,1,5,39.70833333,119.125,NA,0.954436451
Calycadenia pauciflora,85,No Grass,D,2017,8/21/17,0,0,10,24,10.60660172,5,3.705882353,88.94117647,NA,0.4575
Clarkia purpurea,85,No Grass,D,2017,6/26/17,3,0,9,1.6,1.341640786,5,9.384615385,15.01538462,NA,0.342727273
Lasthenia californica,85,No Grass,D,2017,4/9/17,3,10,0,1.2,0.447213595,5,40,48,NA,0.973557692
Plantago erecta,85,No Grass,D,2017,4/9/17,5,2,0,1,0,2,2,2,NA,0.896396396
Agoseris heterophylla,86,Grass,C,2017,5/19/17,0,0,8,2,1,5,20,40,40,0.954436451
Calycadenia pauciflora,86,Grass,C,2017,8/21/17,0,1,9,26.8,15.67482057,5,1.9,50.92,40,0.4575
Clarkia purpurea,86,Grass,C,2017,6/26/17,0,0,0,1,0,5,2.2,2.2,40,0.342727273
Hemizonia congesta,86,Grass,C,2017,8/21/17,0,0,10,13,10.86278049,5,4.6,59.8,40,0.479375
Lasthenia californica,86,Grass,C,2017,4/9/17,2,13,0,1.6,0.894427191,5,58.22222222,93.15555556,40,0.973557692
Plantago erecta,86,Grass,C,2017,4/9/17,5,2,0,1,0,2,2,2,40,0.896396396
Agoseris heterophylla,86,No Grass,C,2017,5/19/17,0,0,8,1,0,5,23.125,23.125,NA,0.954436451
Calycadenia pauciflora,86,No Grass,C,2017,6/26/17,2,0,0,8.5,4.949747468,2,4.356164384,37.02739726,NA,0.4575
Clarkia purpurea,86,No Grass,C,2017,6/26/17,0,0,2,1,0,2,3.5,3.5,NA,0.342727273
Hemizonia congesta,86,No Grass,C,2017,8/21/17,0,0,11,27.2,7.190271205,5,4.8,130.56,NA,0.479375
Lasthenia californica,86,No Grass,C,2017,4/9/17,5,10,0,1.4,0.547722558,5,46.43478261,65.00869565,NA,0.973557692
Plantago erecta,86,No Grass,C,2017,5/19/17,0,5,10,4.2,1.483239697,5,2,8.4,NA,0.896396396
Agoseris heterophylla,87,Grass,D,2017,5/19/17,0,0,2,1.2,0.447213595,5,15.22222222,18.26666667,90,0.954436451
Calycadenia pauciflora,87,Grass,D,2017,8/21/17,0,0,9,2.2,0.836660027,5,2.857142857,6.285714286,90,0.4575
Clarkia purpurea,87,Grass,D,2017,5/19/17,7,1,0,1,0,5,11,11,90,0.342727273
Hemizonia congesta,87,Grass,D,2017,6/26/17,0,1,0,1,NA,1,4,4,90,0.479375
Lasthenia californica,87,Grass,D,2017,4/9/17,2,5,0,1,0,5,13,13,90,0.973557692
Plantago erecta,87,Grass,D,2017,4/9/17,3,12,0,3.6,1.516575089,5,2,7.2,90,0.896396396
Agoseris heterophylla,87,No Grass,D,2017,4/9/17,14,1,0,1.6,0.547722558,5,46.29166667,74.06666667,NA,0.954436451
Calycadenia pauciflora,87,No Grass,D,2017,8/21/17,0,0,10,6.8,3.1144823,5,4.2,28.56,NA,0.4575
Clarkia purpurea,87,No Grass,D,2017,5/19/17,0,0,0,1,0,5,13.66666667,13.66666667,NA,0.342727273
Hemizonia congesta,87,No Grass,D,2017,8/21/17,0,0,6,26.8,11.71324037,5,2.6,69.68,NA,0.479375
Lasthenia californica,87,No Grass,D,2017,4/9/17,4,11,0,1.4,0.547722558,5,33.5,46.9,NA,0.973557692
Plantago erecta,87,No Grass,D,2017,4/9/17,9,6,0,4.4,2.880972058,5,2,8.8,NA,0.896396396
Agoseris heterophylla,89,Grass,D,2017,5/19/17,0,0,8,1.4,0.547722558,5,30.25,42.35,30,0.954436451
Calycadenia pauciflora,89,Grass,D,2017,8/21/17,0,0,5,5.8,2.387467277,5,4.083333333,23.68333333,30,0.4575
Clarkia purpurea,89,Grass,D,2017,6/26/17,0,0,5,1,0,5,9.8,9.8,30,0.342727273
Hemizonia congesta,89,Grass,D,2017,8/21/17,0,1,14,12.4,5.458937626,5,3.6,44.64,30,0.479375
Lasthenia californica,89,Grass,D,2017,4/9/17,7,8,0,1.2,0.447213595,5,19.83333333,23.8,30,0.973557692
Plantago erecta,89,Grass,D,2017,4/9/17,12,3,0,1.666666667,0.577350269,3,2,3.333333333,30,0.896396396
Agoseris heterophylla,89,No Grass,D,2017,5/19/17,0,0,9,1.6,0.547722558,5,26.125,41.8,NA,0.954436451
Calycadenia pauciflora,89,No Grass,D,2017,8/21/17,0,0,3,8.333333333,3.214550254,3,6,50,NA,0.4575
Clarkia purpurea,89,No Grass,D,2017,6/26/17,0,0,1,1,NA,1,9,9,NA,0.342727273
Hemizonia congesta,89,No Grass,D,2017,8/21/17,0,0,6,11.4,5.224940191,5,2.4,27.36,NA,0.479375
Lasthenia californica,89,No Grass,D,2017,4/9/17,2,13,0,1,0,5,15.66666667,15.66666667,NA,0.973557692
Plantago erecta,89,No Grass,D,2017,4/9/17,12,3,0,2.333333333,0.577350269,3,2,4.666666667,NA,0.896396396
Agoseris heterophylla,91,Grass,D,2017,5/19/17,0,0,3,1,0,5,18.5,18.5,55,0.954436451
Calycadenia pauciflora,91,Grass,D,2017,8/21/17,0,0,4,3.6,1.816590212,5,2.375,8.55,55,0.4575
Clarkia purpurea,91,Grass,D,2017,6/26/17,0,0,1,1,NA,1,0,0,55,0.342727273
Hemizonia congesta,91,Grass,D,2017,8/21/17,0,3,5,12.6,11.58878768,5,3.6,45.36,55,0.479375
Lasthenia californica,91,Grass,D,2017,4/9/17,1,14,0,1,0,5,22.5,22.5,55,0.973557692
Plantago erecta,91,Grass,D,2017,4/9/17,11,4,0,3.5,1,4,2,7,55,0.896396396
Agoseris heterophylla,91,No Grass,D,2017,5/19/17,0,0,4,1.5,0.577350269,4,17.8,26.7,NA,0.954436451
Clarkia purpurea,91,No Grass,D,2017,6/26/17,0,0,5,1.2,0.447213595,5,13.83333333,16.6,NA,0.342727273
Hemizonia congesta,91,No Grass,D,2017,8/21/17,0,0,1,26,NA,1,2.6,67.6,NA,0.479375
Lasthenia californica,91,No Grass,D,2017,4/9/17,0,15,0,1.8,0.836660027,5,54.6875,98.4375,NA,0.973557692
Plantago erecta,91,No Grass,D,2017,4/9/17,13,2,0,5,1.414213562,2,2,10,NA,0.896396396
Agoseris heterophylla,92,Grass,C,2017,5/19/17,0,0,6,1,0,5,13,13,100,0.954436451
Calycadenia pauciflora,92,Grass,C,2017,6/26/17,1,1,0,1.333333333,0.577350269,3,2,2.666666667,100,0.4575
Clarkia purpurea,92,Grass,C,2017,6/26/17,0,0,10,1,0,4,11,11,100,0.342727273
Hemizonia congesta,92,Grass,C,2017,8/21/17,0,0,9,8.2,6.57267069,5,3.265822785,26.77974684,100,0.479375
Lasthenia californica,92,Grass,C,2017,4/9/17,11,4,0,1,0,5,30.55555556,30.55555556,100,0.973557692
Plantago erecta,92,Grass,C,2017,5/19/17,0,11,4,3.8,1.483239697,5,2,7.6,100,0.896396396
Agoseris heterophylla,92,No Grass,C,2017,5/19/17,0,0,14,2,1,5,45.91666667,91.83333333,NA,0.954436451
Calycadenia pauciflora,92,No Grass,C,2017,8/21/17,0,0,4,3.333333333,1.154700538,3,2.125,7.083333333,NA,0.4575
Clarkia purpurea,92,No Grass,C,2017,6/26/17,0,0,2,1,0,2,13,13,NA,0.342727273
Hemizonia congesta,92,No Grass,C,2017,8/21/17,0,0,9,6.8,6.534523701,5,2.4,16.32,NA,0.479375
Lasthenia californica,92,No Grass,C,2017,4/9/17,8,4,0,1.4,0.547722558,5,34.7,48.58,NA,0.973557692
Plantago erecta,92,No Grass,C,2017,5/19/17,0,12,3,9.8,6.57267069,5,2,19.6,NA,0.896396396
Agoseris heterophylla,93,Grass,D,2017,5/19/17,0,0,13,1.8,0.836660027,5,30.81818182,55.47272727,35,0.954436451
Clarkia purpurea,93,Grass,D,2017,6/26/17,0,0,2,1,0,2,2,2,35,0.342727273
Hemizonia congesta,93,Grass,D,2017,8/21/17,0,0,2,7.2,3.834057903,5,3.2,23.04,35,0.479375
Lasthenia californica,93,Grass,D,2017,4/9/17,0,15,0,1.4,0.547722558,5,28.30769231,39.63076923,35,0.973557692
Plantago erecta,93,Grass,D,2017,4/9/17,9,6,0,2,0,5,2,4,35,0.896396396
Agoseris heterophylla,93,No Grass,D,2017,5/19/17,0,0,13,2,1.224744871,5,46.9375,93.875,NA,0.954436451
Calycadenia pauciflora,93,No Grass,D,2017,6/26/17,0,1,0,1,NA,1,NA,NA,NA,0.4575
Clarkia purpurea,93,No Grass,D,2017,6/26/17,0,0,1,1,NA,1,19,19,NA,0.342727273
Hemizonia congesta,93,No Grass,D,2017,8/21/17,0,0,7,7.2,5.495452666,5,3.2,23.04,NA,0.479375
Lasthenia californica,93,No Grass,D,2017,4/9/17,5,10,0,1.2,0.447213595,5,30.35714286,36.42857143,NA,0.973557692
Plantago erecta,93,No Grass,D,2017,4/9/17,11,4,0,5.5,4.795831523,4,2,11,NA,0.896396396
Agoseris heterophylla,95,Grass,D,2017,5/19/17,0,0,9,1.6,0.547722558,5,31.85714286,50.97142857,85,0.954436451
Clarkia purpurea,95,Grass,D,2017,6/26/17,0,0,1,1,NA,1,7,7,85,0.342727273
Hemizonia congesta,95,Grass,D,2017,8/21/17,0,0,4,9.25,4.645786622,4,3.265822785,30.20886076,85,0.479375
Lasthenia californica,95,Grass,D,2017,4/9/17,5,9,0,1.2,0.447213595,5,41.71428571,50.05714286,85,0.973557692
Plantago erecta,95,Grass,D,2017,5/19/17,0,3,12,6.8,3.346640106,5,2,13.6,85,0.896396396
Agoseris heterophylla,95,No Grass,D,2017,5/19/17,0,0,10,1.4,0.547722558,5,31,43.4,NA,0.954436451
Calycadenia pauciflora,95,No Grass,D,2017,NA,NA,NA,NA,NA,NA,NA,5.5,NA,NA,0.4575
Clarkia purpurea,95,No Grass,D,2017,6/26/17,0,0,1,1,NA,1,5,5,NA,0.342727273
Hemizonia congesta,95,No Grass,D,2017,8/21/17,0,0,4,21.25,18.75055555,4,3.265822785,69.39873418,NA,0.479375
Lasthenia californica,95,No Grass,D,2017,5/19/17,0,0,4,1.8,0.836660027,5,30.4375,54.7875,NA,0.973557692
Plantago erecta,95,No Grass,D,2017,4/9/17,13,2,0,1.5,0.707106781,2,2,3,NA,0.896396396
Agoseris heterophylla,96,Grass,C,2017,5/19/17,0,0,6,1,0,5,41,41,25,0.954436451
Calycadenia pauciflora,96,Grass,C,2017,6/26/17,0,0,0,3,NA,1,NA,NA,25,0.4575
Clarkia purpurea,96,Grass,C,2017,6/26/17,0,0,1,1,NA,1,NA,NA,25,0.342727273
Hemizonia congesta,96,Grass,C,2017,8/21/17,0,0,8,5.8,6.340346994,5,4,23.2,25,0.479375
Lasthenia californica,96,Grass,C,2017,4/9/17,12,3,0,1,0,5,31.5,31.5,25,0.973557692
Plantago erecta,96,Grass,C,2017,5/19/17,0,15,0,6.2,2.588435821,5,2,12.4,25,0.896396396
Agoseris heterophylla,96,No Grass,C,2017,5/19/17,0,0,13,2.2,0.836660027,5,53.46153846,117.6153846,NA,0.954436451
Calycadenia pauciflora,96,No Grass,C,2017,8/21/17,0,0,2,2,NA,1,4,8,NA,0.4575
Clarkia purpurea,96,No Grass,C,2017,6/26/17,0,0,1,1,NA,1,1,1,NA,0.342727273
Hemizonia congesta,96,No Grass,C,2017,8/21/17,0,0,7,9,7.03562364,5,3,27,NA,0.479375
Lasthenia californica,96,No Grass,C,2017,5/19/17,0,1,4,1.4,0.547722558,5,12.4,17.36,NA,0.973557692
Plantago erecta,96,No Grass,C,2017,5/19/17,0,0,2,11,4.301162634,5,2,22,NA,0.896396396
Agoseris heterophylla,97,Grass,D,2017,5/19/17,0,0,1,1,0,5,17.5,17.5,105,0.954436451
Calycadenia pauciflora,97,Grass,D,2017,NA,NA,NA,NA,NA,NA,NA,3,NA,105,0.4575
Hemizonia congesta,97,Grass,D,2017,8/21/17,0,0,11,37.4,44.94774744,5,4.8,179.52,105,0.479375
Lasthenia californica,97,Grass,D,2017,4/9/17,3,6,0,1,0,5,24.875,24.875,105,0.973557692
Plantago erecta,97,Grass,D,2017,5/19/17,0,5,10,5.4,2.792848009,5,2,10.8,105,0.896396396
Agoseris heterophylla,97,No Grass,D,2017,5/19/17,0,0,7,1.6,0.894427191,5,37,59.2,NA,0.954436451
Calycadenia pauciflora,97,No Grass,D,2017,8/21/17,0,0,4,4.5,1.914854216,4,NA,NA,NA,0.4575
Clarkia purpurea,97,No Grass,D,2017,6/26/17,0,0,2,1,NA,1,17,17,NA,0.342727273
Hemizonia congesta,97,No Grass,D,2017,8/21/17,0,0,4,18,7.874007874,4,2.4,43.2,NA,0.479375
Lasthenia californica,97,No Grass,D,2017,4/9/17,7,6,0,1.4,0.547722558,5,28.3,39.62,NA,0.973557692
Plantago erecta,97,No Grass,D,2017,4/9/17,10,5,0,2.8,1.095445115,5,2,5.6,NA,0.896396396
Agoseris heterophylla,98,Grass,C,2017,5/19/17,0,0,2,1,0,5,17.77777778,17.77777778,80,0.954436451
Calycadenia pauciflora,98,Grass,C,2017,8/21/17,0,0,2,2,1.414213562,2,2.666666667,5.333333333,80,0.4575
Clarkia purpurea,98,Grass,C,2017,5/19/17,1,0,0,1,NA,1,NA,NA,80,0.342727273
Hemizonia congesta,98,Grass,C,2017,8/21/17,0,0,10,4,2.121320344,5,2.6,10.4,80,0.479375
Lasthenia californica,98,Grass,C,2017,4/9/17,12,3,0,1,0,5,12.71428571,12.71428571,80,0.973557692
Plantago erecta,98,Grass,C,2017,5/19/17,0,4,11,2,0.707106781,5,2,4,80,0.896396396
Agoseris heterophylla,98,No Grass,C,2017,5/19/17,0,0,6,1,0,5,13.66666667,13.66666667,NA,0.954436451
Calycadenia pauciflora,98,No Grass,C,2017,6/26/17,3,0,0,1.333333333,0.577350269,3,NA,NA,NA,0.4575
Clarkia purpurea,98,No Grass,C,2017,5/19/17,2,0,0,1.5,0.707106781,2,NA,NA,NA,0.342727273
Hemizonia congesta,98,No Grass,C,2017,8/21/17,0,0,6,6.8,3.834057903,5,3.6,24.48,NA,0.479375
Lasthenia californica,98,No Grass,C,2017,4/9/17,10,4,0,1,0,5,17,17,NA,0.973557692
Plantago erecta,98,No Grass,C,2017,4/9/17,14,1,0,1,NA,1,2,2,NA,0.896396396
Agoseris heterophylla,99,Grass,D,2017,5/19/17,0,0,15,1,0,5,16.5,16.5,90,0.954436451
Calycadenia pauciflora,99,Grass,D,2017,8/21/17,0,0,2,2,0,2,4,8,90,0.4575
Clarkia purpurea,99,Grass,D,2017,6/26/17,0,0,1,1,NA,1,2,2,90,0.342727273
Hemizonia congesta,99,Grass,D,2017,8/21/17,0,0,6,4.6,3.78153408,5,0.8,3.68,90,0.479375
Lasthenia californica,99,Grass,D,2017,4/9/17,7,8,0,1,0,4,10.23076923,10.23076923,90,0.973557692
Plantago erecta,99,Grass,D,2017,5/19/17,0,8,7,5.2,2.28035085,5,2,10.4,90,0.896396396
Agoseris heterophylla,99,No Grass,D,2017,5/19/17,0,0,3,1.2,0.447213595,5,19.25,23.1,NA,0.954436451
Calycadenia pauciflora,99,No Grass,D,2017,6/26/17,5,1,0,2.6,1.673320053,5,3.5,9.1,NA,0.4575
Clarkia purpurea,99,No Grass,D,2017,5/19/17,4,0,0,1,0,4,3.8,3.8,NA,0.342727273
Hemizonia congesta,99,No Grass,D,2017,8/21/17,0,0,6,4.8,1.788854382,5,3.6,17.28,NA,0.479375
Lasthenia californica,99,No Grass,D,2017,4/9/17,4,11,0,1,0,4,6.857142857,6.857142857,NA,0.973557692
Plantago erecta,99,No Grass,D,2017,5/19/17,0,4,11,5.8,4.438468204,5,2,11.6,NA,0.896396396